"","binlat","binlon","Latitude","Longitude","absLatitude","CP","NP","CN","logCP","logNP","logCN","POCavg_uM","PONavg_uM","POPavg_nM","DIN","Phosphate","Temperature","Nutricline_1uM_Interp","sp_Nutlim_CESM2","region","area_weights"
"1","[-56,-55)","[68,69)",-55.5,68.5,55.5,63.7678571428571,10.8214285714286,5.89273927392739,4.1552492568593,2.38152829533416,1.77372096152513,3.571,0.606,56,27.0671239814758,1.75373997431993,1.85210231041908,0,"Fe-lim","Subpolar",0.566406236924833
"2","[-56,-55)","[69,70)",-55.5,69.5,55.5,51.5901639344262,9.11475409836066,5.66007194244604,3.9433310328911,2.20989443007727,1.73343660281382,3.147,0.556,61,26.980164223671,1.75888551127911,1.8328778808713,0,"Fe-lim","Subpolar",0.566406236924833
"3","[-56,-55)","[70,71)",-55.5,70.5,55.5,73.8318584070797,10.929203539823,6.75546558704453,4.30179032418973,2.39143843034974,1.91035189384,4.1715,0.6175,56.5,26.9113044452667,1.76316758972406,1.81181478542089,0,"Fe-lim","Subpolar",0.566406236924833
"4","[-55,-54)","[67,68)",-54.5,67.5,54.5,64.4615384615385,11.4711538461538,5.61944677284158,4.16606874302055,2.43983552295654,1.726233220064,3.352,0.5965,52,27.1578297080994,1.78033058840036,2.09597763901949,0,"Fe-lim","Subpolar",0.58070295571094
"5","[-55,-54)","[68,69)",-54.5,68.5,54.5,67.4509803921569,11.843137254902,5.6953642384106,4.21140111764312,2.47174856521049,1.73965255243263,3.44,0.604,51,27.0434411993027,1.78849078023434,2.05666890388727,0,"Fe-lim","Subpolar",0.58070295571094
"6","[-55,-54)","[71,72)",-54.5,71.5,54.5,63.5,11.5087719298246,5.51753048780488,4.15103990589865,2.44310952110954,1.70793038478911,3.6195,0.656,57,26.6877682666779,1.80076296424866,1.98401243203878,0,"Fe-lim","Subpolar",0.58070295571094
"7","[-54,-53)","[-176,-175)",-53.5,-175.5,53.5,258.160237388724,36.3501483679525,7.10204081632653,5.55358046728436,3.59319828562051,1.96038218166385,3.48,0.49,13.48,13.2724791674614,1.02488998118043,8.92262415504456,0,"Fe-lim","Subpolar",0.594822786751341
"8","[-54,-53)","[66,67)",-53.5,66.5,53.5,50.8333333333333,9.25757575757576,5.49099836333879,3.92855230737936,2.22544221714517,1.70311009023419,3.355,0.611,66,27.1416173686981,1.80690092891455,2.44844014251232,0,"Fe-lim","Subpolar",0.594822786751341
"9","[-54,-53)","[71,72)",-53.5,71.5,53.5,69.2075471698113,12.4339622641509,5.5660091047041,4.23710991982423,2.52043162095039,1.71667829887385,3.668,0.659,53,26.3965401973724,1.83445254260302,2.22654685556889,0,"Fe-lim","Subpolar",0.594822786751341
"10","[-54,-53)","[72,73)",-53.5,72.5,53.5,51.964824120603,9.14572864321608,5.68186813186813,3.95056703046048,2.21328695534635,1.73728007511413,3.447,0.606666666666667,66.3333333333333,26.2170489521027,1.83074418979883,2.2286004294157,0,"Fe-lim","Subpolar",0.594822786751341
"11","[-53,-52)","[66,67)",-52.5,66.5,52.5,60.2710280373832,11.0560747663551,5.45139475908707,4.09885152454847,2.40298002951648,1.69587149503199,3.2245,0.5915,53.5,26.9371380167007,1.83717746460438,2.80027005374432,0,"Fe-lim","Subpolar",0.608761429008721
"12","[-52,-51)","[65,66)",-51.5,65.5,51.5,30.2096774193548,5.46774193548387,5.52507374631268,3.408162317399,1.69886572233536,1.70929659506364,1.873,0.339,62,26.7484736747742,1.82626963460445,3.38359494316578,0,"Fe-lim","Subpolar",0.62251463663762
"13","[-52,-51)","[66,67)",-51.5,66.5,51.5,63.3018867924528,10.622641509434,5.95914742451155,4.14791513585366,2.36298771458757,1.78492742126609,3.355,0.563,53,26.6469228115082,1.84953489530087,3.20416362297535,0,"Fe-lim","Subpolar",0.62251463663762
"14","[-51,-50)","[65,66)",-50.5,65.5,50.5,34.8309402501158,6.46595646132469,5.38681948424069,3.55050607942312,1.86655094580156,1.68395513362157,3.76,0.698,107.95,26.3732039384842,1.79847526735067,3.87257666993141,0,"Fe-lim","Subpolar",0.636078220277764
"15","[-51,-50)","[71,72)",-50.5,71.5,50.5,94.1315789473684,16.6842105263158,5.64195583596215,4.54469357953263,2.81446279471084,1.73023078482179,3.577,0.634,38,24.6024126329422,1.85105085325241,3.40597329640388,0,"Fe-lim","Subpolar",0.636078220277764
"16","[-50,-49)","[60,61)",-49.5,60.5,49.5,51.6630434782609,8.6304347826087,5.98614609571788,3.94474269956497,2.1552948841981,1.78944781536687,4.753,0.794,92,24.7977638320923,1.63633522295952,5.17095024085045,0,"Fe-lim","Subpolar",0.649448048330184
"17","[-50,-49)","[61,62)",-49.5,61.5,49.5,54.6533333333333,10.2533333333333,5.33029908972692,4.00101020696803,2.32760285596933,1.67340735099869,4.099,0.769,75,25.0737155656815,1.64850795251131,5.06646435141563,0,"Fe-lim","Subpolar",0.649448048330184
"18","[-50,-49)","[62,63)",-49.5,62.5,49.5,37.2753623188406,7.85507246376812,4.74538745387454,3.61833258076025,2.06115949684239,1.55717308391786,5.144,1.084,138,25.3491253681183,1.66475587242842,4.92013023877144,0,"Fe-lim","Subpolar",0.649448048330184
"19","[-50,-49)","[63,64)",-49.5,63.5,49.5,53.5272727272727,8.27272727272727,6.47032967032967,3.9801912946163,2.11296423371848,1.86722706089782,5.888,0.91,110,25.6092620916367,1.68493845188618,4.73532552790642,0,"Fe-lim","Subpolar",0.649448048330184
"20","[-50,-49)","[64,65)",-49.5,64.5,49.5,50.8272058823529,8.75735294117647,5.803946263644,3.92843176009454,2.16989368361925,1.75853807647529,4.60833333333333,0.794,90.6666666666667,25.7617127962112,1.70770196217298,4.5382288479805,0,"Fe-lim","Subpolar",0.649448048330184
"21","[-50,-49)","[65,66)",-49.5,65.5,49.5,68.2252252252252,8.6036036036036,7.92984293193717,4.22281436780149,2.1521811391684,2.07063322863309,7.573,0.955,111,25.7614763526916,1.73185453742743,4.34306312346458,0,"Fe-lim","Subpolar",0.649448048330184
"22","[-50,-49)","[66,67)",-49.5,66.5,49.5,69.0102040816327,8.78571428571428,7.8548199767712,4.23425437890437,2.17312702575716,2.06112735314721,6.763,0.861,98,25.6045677433014,1.75569893819094,4.17138542461395,0,"Fe-lim","Subpolar",0.649448048330184
"23","[-50,-49)","[67,68)",-49.5,67.5,49.5,90.1181818181818,9.38181818181818,9.60562015503876,4.50112194024048,2.23877358024909,2.26234835999139,9.913,1.032,110,25.3211051826477,1.77736185437441,4.03439701890945,304,"Fe-lim","Subpolar",0.649448048330184
"24","[-50,-49)","[71,72)",-49.5,71.5,49.5,86,15.8727272727273,5.41809851088202,4.45434729625351,2.76460237060713,1.68974492564638,4.73,0.873,55,23.4930437393188,1.79016554778814,4.08317872035503,0,"Fe-lim","Subpolar",0.649448048330184
"25","[-50,-49)","[72,73)",-49.5,72.5,49.5,87.9578947368421,15.7368421052632,5.58929765886288,4.47685823107592,2.75600459422425,1.72085363685167,8.356,1.495,95,23.0098828058243,1.77245919311047,4.22777134180069,0,"Fe-lim","Subpolar",0.649448048330184
"26","[-50,-49)","[73,74)",-49.5,73.5,49.5,92.5058823529412,16.3588235294118,5.65480043149946,4.5272722355012,2.7947674171837,1.7325048183175,7.863,1.3905,85,22.5491599063873,1.75008173549175,4.40494618964195,0,"Fe-lim","Subpolar",0.649448048330184
"27","[-50,-49)","[75,76)",-49.5,75.5,49.5,133.426966292135,19.9438202247191,6.69014084507042,4.8935542591707,2.99291933217738,1.90063492699333,5.9375,0.8875,44.5,21.7250435094833,1.69699243044853,4.80155055689812,0,"Fe-lim","Subpolar",0.649448048330184
"28","[-49,-48)","[58,59)",-48.5,58.5,48.5,50.7093023255814,9.19767441860465,5.51327433628319,3.92610937158926,2.21895067151415,1.70715870007511,4.361,0.791,86,22.8357112140656,1.55732705909014,5.96653627490997,0,"Fe-lim","Subpolar",0.662620048215738
"29","[-49,-48)","[59,60)",-48.5,59.5,48.5,75.484375,14.265625,5.29134720700986,4.32392568119473,2.6578527972353,1.66607288395944,4.831,0.913,64,23.0266702957153,1.55212460958958,5.91128160643578,0,"Fe-lim","Subpolar",0.662620048215738
"30","[-49,-48)","[64,65)",-48.5,64.5,48.5,53.8333333333333,9.29710144927536,5.79033515198753,3.9858928539946,2.22970267945843,1.75619017453617,3.7145,0.6415,69,24.4399733295441,1.60716998809576,5.05735850763321,0,"Fe-lim","Subpolar",0.662620048215738
"31","[-49,-48)","[74,75)",-48.5,74.5,48.5,100.938461538462,15.3230769230769,6.58734939759036,4.61451103944924,2.72935998768896,1.88515105176028,6.561,0.996,65,20.5032844781876,1.63092393130064,5.59172542142868,0,"Fe-lim","Subpolar",0.662620048215738
"32","[-48,-47)","[55,56)",-47.5,55.5,47.5,26.4678899082569,4.94495412844037,5.35250463821892,3.27593229671306,1.59836768867985,1.6775646080332,2.885,0.539,109,22.13164103508,1.53854677534103,5.98858691287041,0,"Fe-lim","Subpolar",0.67559020761566
"33","[-48,-47)","[56,57)",-47.5,56.5,47.5,32.3390804597701,6.05747126436782,5.33870967741935,3.47627642021875,1.80129242988678,1.67498399033197,5.627,1.054,174,21.4366501569748,1.51028005027771,6.47417253232002,0,"Fe-lim","Subpolar",0.67559020761566
"34","[-48,-47)","[63,64)",-47.5,63.5,47.5,32.0329057445622,5.63022866703848,5.68945022288262,3.46676367897437,1.7281500571418,1.73861362183257,3.829,0.673,119.533333333333,21.9544731893539,1.45600437521934,6.50917040705681,0,"Fe-lim","Subpolar",0.67559020761566
"35","[-48,-47)","[64,65)",-47.5,64.5,47.5,37.2277227722772,7.03960396039604,5.28832630098453,3.61705371954268,1.95155191296198,1.6655018065807,3.76,0.711,101,22.3246408262253,1.47263150852919,6.20320630478859,0,"Fe-lim","Subpolar",0.67559020761566
"36","[-48,-47)","[65,66)",-47.5,65.5,47.5,58.84,10.2,5.76862745098039,4.07482189573324,2.32238772029023,1.75243417544301,4.413,0.765,75,22.5186404542923,1.49254462867975,5.91572143602371,0,"Fe-lim","Subpolar",0.67559020761566
"37","[-48,-47)","[66,67)",-47.5,66.5,47.5,64.7567567567568,12.2972972972973,5.26593406593407,4.17063804659112,2.50937950630673,1.66125854028439,4.792,0.91,74,22.5106476211548,1.51421076095104,5.69677848219872,0,"Fe-lim","Subpolar",0.67559020761566
"38","[-48,-47)","[74,75)",-47.5,74.5,47.5,107.475138121547,19.1602209944751,5.60928489042676,4.67725954753199,2.95283630663461,1.72442324089738,9.7265,1.734,90.5,18.5174279251099,1.50592892771959,6.86339813566208,0,"Fe-lim","Subpolar",0.67559020761566
"39","[-47,-46)","[50,51)",-46.5,50.5,46.5,68.4811320754717,11.377358490566,6.01907131011609,4.22655826317277,2.43162528317506,1.79493297999771,7.259,1.206,106,22.1631609754562,1.47720551818609,4.99389475464821,403,"Fe-lim","Subpolar",0.688354575693754
"40","[-47,-46)","[53,54)",-46.5,53.5,46.5,79.5074626865672,16.0746268656716,4.94614670380687,4.37585088752603,2.77724205776542,1.59860882976061,5.327,1.077,67,22.3013306217194,1.52062840312719,5.56401088643074,0,"Fe-lim","Subpolar",0.688354575693754
"41","[-47,-46)","[73,74)",-46.5,73.5,46.5,85.2903225806452,15.3387096774194,5.56046267087277,4.44606099648643,2.7303796775003,1.71568131898613,5.288,0.951,62,16.4708089699745,1.37080731850862,8.28481678390503,0,"Fe-lim","Subpolar",0.688354575693754
"42","[-46,-45)","[47,48)",-45.5,47.5,45.5,67.2441860465116,11.3255813953488,5.93737166324435,4.20833056190471,2.42706400738903,1.78126655451568,5.783,0.974,86,20.8235729541779,1.35998237401247,6.47677634215355,0,"Fe-lim","Subpolar",0.700909264299851
"43","[-46,-45)","[48,49)",-45.5,48.5,45.5,64.0138888888889,11.4722222222222,5.57990314769976,4.15910007370445,2.43992865450492,1.71917141919953,9.218,1.652,144,20.9013960914612,1.38994739699364,6.07207541275024,0,"Fe-lim","Subpolar",0.700909264299851
"44","[-46,-45)","[49,50)",-45.5,49.5,45.5,73.640350877193,12.9122807017544,5.703125,4.29919312111715,2.55817885089433,1.74101427022282,8.395,1.472,114,21.1051661128998,1.42215008431673,5.92807316732407,0,"Fe-lim","Subpolar",0.700909264299851
"45","[-46,-45)","[71,72)",-45.5,71.5,45.5,100.702702702703,18.3405405405405,5.49071618037135,4.61217263851731,2.90911393970591,1.7030586988114,6.21,1.131,61.6666666666667,14.3659408836365,1.19124295812845,9.73643083286285,0,"Fe-lim","Subpolar",0.700909264299851
"46","[-45,-44)","[45,46)",-44.5,45.5,44.5,56.4301075268817,10.0215053763441,5.63090128755365,4.03300283747067,2.30473332153234,1.72826951593833,5.248,0.932,93,19.8472253608704,1.283441845119,8.06544800376892,0,"Fe-lim","Subtropical",0.713250449154182
"47","[-45,-44)","[46,47)",-44.5,46.5,44.5,45.6236559139785,8.2258064516129,5.54640522875817,3.82042635204907,2.10727634067328,1.71315001137579,4.243,0.765,93,20.0668794364929,1.32636745774746,7.63604865980148,0,"Fe-lim","Subtropical",0.713250449154182
"48","[-45,-44)","[70,71)",-44.5,70.5,44.5,190.510204081633,33,5.7730364873222,5.2497057578652,3.49650756146648,1.75319819639872,9.335,1.617,49,10.5844882760048,0.933704019367695,11.6192836651802,0,"Fe-lim","Subtropical",0.713250449154182
"49","[-45,-44)","[71,72)",-44.5,71.5,44.5,95.961038961039,15.3636363636364,6.24598478444632,4.56394226493496,2.7320034421247,1.83193882281026,7.389,1.183,77,10.1216960072517,0.928487178891897,11.9498147702217,0,"Fe-lim","Subtropical",0.713250449154182
"50","[-44,-43)","[41,42)",-43.5,41.5,43.5,52.695652173913,9.48550724637681,5.55538579067991,3.96453295070011,2.2497650807527,1.71476786994741,7.272,1.309,138,15.1027369952202,0.931075803905725,10.387602148056,0,"Fe-lim","Subtropical",0.725374371012288
"51","[-44,-43)","[42,43)",-43.5,42.5,43.5,54.6494845360825,9.60824742268041,5.68776824034335,4.00093978248442,2.26262183618221,1.73831794630221,5.301,0.932,97,15.9585036044121,0.996685399889946,10.0350316410065,0,"Fe-lim","Subtropical",0.725374371012288
"52","[-44,-43)","[43,44)",-43.5,43.5,43.5,51.4226804123711,9.05154639175258,5.68109339407745,3.94007932829654,2.20293561513173,1.73714371316481,4.988,0.878,97,16.8160624294281,1.07328740084171,9.65808595657349,0,"Fe-lim","Subtropical",0.725374371012288
"53","[-44,-43)","[69,70)",-43.5,69.5,43.5,109.616666666667,19.1,5.739092495637,4.69698943107925,2.94968833505258,1.74730109602667,6.577,1.146,60,6.4944469127655,0.694769680470228,13.4759078764915,0,"Fe-lim","Subtropical",0.725374371012288
"54","[-43,-42)","[38,39)",-42.5,38.5,42.5,76.6029411764706,13.2352941176471,5.78777777777778,4.33863547256908,2.5828870581482,1.75574841442088,10.418,1.8,136,8.28511087274551,0.615304486095905,13.3915750517845,0,"Fe-lim","Subtropical",0.737277336810124
"55","[-43,-42)","[40,41)",-42.5,40.5,42.5,71.4745762711864,13.4322033898305,5.3211356466877,4.26934180984084,2.59765506184572,1.67168674799512,8.434,1.585,118,9.89672879171371,0.704813604146242,12.5501429123878,0,"Fe-lim","Subtropical",0.737277336810124
"56","[-43,-42)","[68,69)",-42.5,68.5,42.5,122.775080906149,20.4126213592233,6.01466508125248,4.81035407090411,3.01615340361747,1.79420066728664,7.5875,1.2615,61.8,2.77392247819901,0.500861598953605,15.3731844148636,0,"Fe-lim","Subtropical",0.737277336810124
"57","[-43,-42)","[69,70)",-42.5,69.5,42.5,116.320512820513,18.9615384615385,6.13455037187289,4.75634942248004,2.94241263602121,1.81393678645883,9.073,1.479,78,3.35738252472877,0.501493315950036,14.9760159702301,0,"Fe-lim","Subtropical",0.737277336810124
"58","[-42,-41)","[35,36)",-41.5,35.5,41.5,86.0454545454545,14.6727272727273,5.86431226765799,4.45487569785101,2.68599048303748,1.76888521481353,9.465,1.614,110,1.61813139241934,0.352808925002813,17.607209610939,0,"Fe-lim","Subtropical",0.748955720789002
"59","[-42,-41)","[36,37)",-41.5,36.5,41.5,98.1014492753623,17.1884057971014,5.70741989881956,4.58600213991135,2.84423507496041,1.74176706495094,6.769,1.186,69,2.27036560428143,0.376249889940023,17.0699369821548,0,"Fe-lim","Subtropical",0.748955720789002
"60","[-42,-41)","[37,38)",-41.5,37.5,41.5,98.7910447761194,16.4626865671642,6.00090661831369,4.59300696072796,2.80109639986254,1.79191056086542,6.619,1.103,67,2.97379704380035,0.401999904155731,16.4767099618912,0,"Fe-lim","Subtropical",0.748955720789002
"61","[-42,-41)","[68,69)",-41.5,68.5,41.5,106.496350364964,17.5474452554745,6.06905158069884,4.66811071568871,2.86490836982697,1.80320234586173,7.295,1.202,68.5,0.795598674505949,0.352037318363786,16.501852440834,18,"Fe-lim","Subtropical",0.748955720789002
"62","[-41,-40)","[33,34)",-40.5,33.5,40.5,111.446428571429,19.5178571428571,5.7099725526075,4.71354401419889,2.97132979744139,1.7422142167575,6.241,1.093,56,NA,0.169910407707095,20.4038726797104,42,"Fe-lim","Subtropical",0.760405965600031
"63","[-41,-40)","[34,35)",-40.5,34.5,40.5,108.461538461538,20.0769230769231,5.40229885057471,4.68639562591068,2.99957104986116,1.68682457604952,7.05,1.305,65,NA,0.197194414392114,20.1339649114609,40,"Fe-lim","Subtropical",0.760405965600031
"64","[-41,-40)","[67,68)",-40.5,67.5,40.5,106.947136563877,18.7356828193833,5.70820597225488,4.6723346615737,2.93042987777223,1.74190478380147,8.09233333333333,1.41766666666667,75.6666666666667,NA,0.234820392638445,17.6040557279587,58,"Fe-lim","Subtropical",0.760405965600031
"65","[-40,-39)","[30,31)",-39.5,30.5,39.5,98.6941176470588,16.3764705882353,6.02658045977011,4.59202534635598,2.79584558440405,1.79617976195193,8.389,1.392,85,NA,0.130177515372634,20.9049049654007,53,"Fe-lim","Subtropical",0.77162458338772
"66","[-40,-39)","[31,32)",-39.5,31.5,39.5,118.519230769231,19.4807692307692,6.08390918065153,4.77507523238082,2.96942778566726,1.80564744671356,6.163,1.013,52,NA,0.114153373084962,21.5000508909225,55,"Fe-lim","Subtropical",0.77162458338772
"67","[-40,-39)","[32,33)",-39.5,32.5,39.5,109.19696969697,18.5606060606061,5.88326530612245,4.69315331289802,2.9210413809524,1.77211193194561,7.207,1.225,66,NA,0.115141602575779,21.7398625907898,56,"Fe-lim","Subtropical",0.77162458338772
"68","[-40,-39)","[66,67)",-39.5,66.5,39.5,123.245762711864,19.2881355932203,6.38971880492091,4.81418043271205,2.95949017078056,1.85469026193149,7.2715,1.138,59,NA,0.151415567018092,18.2210821237564,65,"Fe-lim","Subtropical",0.77162458338772
"69","[-39,-38)","[28,29)",-38.5,28.5,38.5,74.298969072165,17.2989690721649,4.29499404052443,4.30809707642106,2.85064690852377,1.45745016789729,7.207,1.678,97,0.155030312329531,0.169921445198357,20.1904332256317,56,"Fe-lim","Subtropical",0.782608156852414
"70","[-39,-38)","[29,30)",-38.5,29.5,38.5,124.252873563218,19.6551724137931,6.32163742690059,4.82231879197867,2.97834053084212,1.84397826113655,10.81,1.71,87,0.131412136882544,0.142686921484768,21.2551273212433,58,"Fe-lim","Subtropical",0.782608156852414
"71","[-39,-38)","[65,66)",-38.5,65.5,38.5,99.4827586206896,16.0689655172414,6.19098712446352,4.59998434895573,2.77688980413917,1.82309454481655,2.885,0.466,29,NA,0.102730355840176,18.5558750743866,64,"Fe-lim","Subtropical",0.782608156852414
"72","[-38,-37)","[26,27)",-37.5,26.5,37.5,118.36231884058,17.536231884058,6.7495867768595,4.77375041876102,2.86426913399353,1.90948128476749,8.167,1.21,69,0.170008091285825,0.181225352697074,19.3680051527023,58,"Fe-lim","Subtropical",0.793353340291235
"73","[-38,-37)","[27,28)",-37.5,27.5,37.5,100.046511627907,15.1860465116279,6.58805513016845,4.60563519413411,2.72037701358287,1.88525818055124,4.302,0.653,43,0.154159179985523,0.164775546938181,19.9603782405853,59,"Fe-lim","Subtropical",0.793353340291235
"74","[-38,-37)","[64,65)",-37.5,64.5,37.5,116.555555555556,17.2592592592593,6.75321888412017,4.75836803106008,2.84834876812132,1.91001926293876,3.147,0.466,27,NA,0.0847704798094928,19.0077505569458,64,"Fe-lim","Subtropical",0.793353340291235
"75","[-38,-37)","[65,66)",-37.5,65.5,37.5,110.961538461538,17.6923076923077,6.27173913043478,4.70918364092072,2.87312995146166,1.83605368945906,2.885,0.46,26,NA,0.0906015319935977,18.9767875289917,62,"Fe-lim","Subtropical",0.793353340291235
"76","[-38,-37)","[76,77)",-37.5,76.5,37.5,114.548387096774,18.258064516129,6.27385159010601,4.74099732845794,2.90460687371804,1.83639045473991,3.551,0.566,31,2.1021319283843,0.268700697213411,16.6485601081848,0,"Fe-lim","Subtropical",0.793353340291235
"77","[-38,-37)","[77,78)",-37.5,77.5,37.5,131.081632653061,22.9387755102041,5.7144128113879,4.87582027914717,3.13282873234301,1.74299154680416,6.423,1.124,49,2.60008373117447,0.298758925676346,16.1152786850929,0,"Fe-lim","Subtropical",0.793353340291235
"78","[-37,-36)","[64,65)",-36.5,64.5,36.5,118.780487804878,16.4634146341463,7.21481481481481,4.77727714937233,2.80114062416822,1.97613652520411,2.435,0.3375,20.5,0.0979693652801216,0.090372294139117,19.8390762014389,66,"Fe-lim","Subtropical",0.803856860617217
"79","[-37,-36)","[75,76)",-36.5,75.5,36.5,117.673913043478,18.4565217391304,6.37573616018846,4.76791735030788,2.91541778982225,1.85249956048563,3.60866666666667,0.566,30.6666666666667,1.49691179096699,0.237647639155388,17.7159534378052,0,"Fe-lim","Subtropical",0.803856860617217
"80","[-37,-36)","[76,77)",-36.5,76.5,36.5,144.346153846154,22.8846153846154,6.30756302521008,4.97221426111354,3.13046486752415,1.84174939358939,3.753,0.595,26,1.884053206563,0.266087096631527,17.0914969835281,0,"Fe-lim","Subtropical",0.803856860617217
"81","[-36,-35)","[63,64)",-35.5,63.5,35.5,113.210526315789,16.5789473684211,6.82857142857143,4.72924915010129,2.80813365965919,1.9211154904421,2.151,0.315,19,0.141485167552717,0.103074184633791,20.821164226532,75,"Fe-lim","Subtropical",0.814115518356319
"82","[-36,-35)","[73,74)",-35.5,73.5,35.5,118.210526315789,17.5789473684211,6.72455089820359,4.77246715613195,2.86670201381026,1.90576514232169,2.246,0.334,19,0.898197778850794,0.185585487425327,18.9893001461029,33,"Fe-lim","Subtropical",0.814115518356319
"83","[-36,-35)","[74,75)",-35.5,74.5,35.5,126.627906976744,18.6744186046512,6.78082191780822,4.8412529196735,2.9271545982532,1.9140983214203,2.7225,0.4015,21.5,1.08024640423059,0.20296566362679,18.7698877248764,0,"Fe-lim","Subtropical",0.814115518356319
"84","[-35,-34)","[-73,-72)",-34.5,-72.5,34.5,67.7756414736043,12.4669696923661,5.43641663900933,4.21620286009249,2.52308272233126,1.69312013776123,11.153329,2.0515957,164.5625,5.37382464289665,0.947118260592222,16.0720632581711,0,NA,"Subtropical",0.824126188622016
"85","[-35,-34)","[62,63)",-34.5,62.5,34.5,134.083333333333,17.0416666666667,7.8679706601467,4.89846149720438,2.83566132569486,2.06280017150953,3.218,0.409,24,0.129419742491096,0.122255583740771,21.1941170768738,80,"N-lim","Subtropical",0.824126188622016
"86","[-35,-34)","[63,64)",-34.5,63.5,34.5,109.714285714286,15.7619047619048,6.9607250755287,4.69787958409236,2.75759593765364,1.94028364643872,2.304,0.331,21,0.129114488940686,0.121528788603842,21.1007095108032,80,"N-lim","Subtropical",0.824126188622016
"87","[-35,-34)","[71,72)",-34.5,71.5,34.5,106.818181818182,16.9545454545455,6.30026809651475,4.67112815377989,2.8305359662855,1.84059218749439,2.35,0.373,22,0.261570671230555,0.155799980156124,19.8802994451523,63,"Fe-lim","Subtropical",0.824126188622016
"88","[-35,-34)","[72,73)",-34.5,72.5,34.5,119.081081081081,17.2972972972973,6.884375,4.77980461471806,2.85055026370949,1.92925435100857,2.203,0.32,18.5,0.399799927070737,0.162318471111357,19.5800135698318,57,"Fe-lim","Subtropical",0.824126188622016
"89","[-35,-34)","[73,74)",-34.5,73.5,34.5,122.4,16.9,7.24260355029586,4.80729437007823,2.82731362192903,1.9799807481492,2.448,0.338,20,0.597956216335297,0.168961035884917,19.420946354866,53,"Fe-lim","Subtropical",0.824126188622016
"90","[-34,-33)","[-76,-75)",-33.5,-75.5,33.5,104.859533318819,13.7109392337669,7.6478738276787,4.65262167661778,2.61819399843172,2.03442767818607,11.16531455,1.459924,106.478774,1.44061698269844,0.53176473236084,17.7259648342133,0,"Fe-lim","Subtropical",0.833885822067168
"91","[-34,-33)","[-74,-73)",-33.5,-73.5,33.5,142.087327202451,16.5295791308687,8.59594343434343,4.95644184887732,2.80515145058132,2.15129039829601,12.764976,1.485,89.838948,3.9217414522171,0.826889010637999,16.8895677042007,0,"Fe-lim","Subtropical",0.833885822067168
"92","[-34,-33)","[62,63)",-33.5,62.5,33.5,115.179487179487,16.7435897435897,6.87901990811639,4.74649166972869,2.81801548314678,1.9284761865819,2.246,0.3265,19.5,0.094909751329571,0.143175456419587,21.0454846420288,86,"N-lim","Subtropical",0.833885822067168
"93","[-34,-33)","[70,71)",-33.5,70.5,33.5,114.846153846154,17.4615384615385,6.57709251101322,4.74359344007765,2.86000066001987,1.88359278005779,2.2395,0.3405,19.5,NA,0.150855392709374,21.1279076805115,89,"N-lim","Subtropical",0.833885822067168
"94","[-34,-33)","[71,72)",-33.5,71.5,33.5,111.285714285714,16.7142857142857,6.65811965811966,4.71210089681543,2.81626378574244,1.89583711107299,2.337,0.351,21,NA,0.149924375995994,21.0059679603577,85,"N-lim","Subtropical",0.833885822067168
"95","[-33,-32)","[-85,-84)",-32.5,-84.5,32.5,90.2866018317245,14.1193828846629,6.39451472980437,4.5029890754579,2.6475485260578,1.8554405494001,4.2104727,0.6584507,46.634524,0.247759266059846,0.259920991197228,19.6808218832016,70,"Fe-lim","Subtropical",0.843391445812886
"96","[-33,-32)","[61,62)",-32.5,61.5,32.5,122.568181818182,17.3863636363636,7.04967320261438,4.80866746141897,2.85568619990827,1.95298126151069,2.6965,0.3825,22,0.085646431196481,0.15504245916754,21.3517623739243,90,"N-lim","Subtropical",0.843391445812886
"97","[-33,-32)","[62,63)",-32.5,62.5,32.5,119.082568807339,16.5137614678899,7.21111111111111,4.77981710802894,2.80419406165511,1.97562304637382,2.596,0.36,21.8,0.0865949201211333,0.162902883119881,21.2004274482727,92,"N-lim","Subtropical",0.843391445812886
"98","[-33,-32)","[69,70)",-32.5,69.5,32.5,137.36,19.62,7.00101936799185,4.92260521658922,2.97654945413722,1.946055762452,2.28933333333333,0.327,16.6666666666667,NA,0.168579390071332,21.7107520294189,103,"N-lim","Subtropical",0.843391445812886
"99","[-32,-31)","[-92,-91)",-31.5,-91.5,31.5,105.455513415256,15.9195642542245,6.62427135135135,4.65828919019769,2.76754880907585,1.89074038112184,3.37009805,0.50875,31.957533,0.0893346910849214,0.209513017952442,21.08682903862,120,"Fe-lim","Subtropical",0.852640164354092
"100","[-32,-31)","[61,62)",-31.5,61.5,31.5,132.525,17.775,7.45569620253165,4.88677130687387,2.8777929756893,2.00897833118457,2.6505,0.3555,20,0.0951873653531075,0.168310561768711,21.7457365512848,94,"N-lim","Subtropical",0.852640164354092
"101","[-32,-31)","[67,68)",-31.5,67.5,31.5,143.027777777778,19.6944444444444,7.262341325811,4.96303886159003,2.98033658807602,1.98270227351401,2.5745,0.3545,18,0.0244835266568698,0.209309778504074,21.5668595380783,105,"N-lim","Subtropical",0.852640164354092
"102","[-32,-31)","[68,69)",-31.5,68.5,31.5,142.48275862069,19.551724137931,7.28747795414462,4.95922100025305,2.97306347374128,1.98615752651178,2.066,0.2835,14.5,NA,0.202520494990051,21.8608083362579,107,"N-lim","Subtropical",0.852640164354092
"103","[-31,-30)","[-99,-98)",-30.5,-98.5,30.5,188.05865188513,19.2431757628531,9.77274511248592,5.23675389228729,2.95715649205594,2.27959740023136,4.3824562,0.44843656,23.303667,NA,0.135987886890769,22.4137689599991,164,"Fe-lim","Subtropical",0.861629160441526
"104","[-31,-30)","[-96,-95)",-30.5,-95.5,30.5,168.165164908602,17.8340664872095,9.42943467375816,5.12494662090888,2.88111047582111,2.24383614508777,5.3066038,0.56277009,31.555904,NA,0.166532787807286,22.0130304136276,158,"Fe-lim","Subtropical",0.861629160441526
"105","[-31,-30)","[60,61)",-30.5,60.5,30.5,106.911111111111,14.5777777777778,7.33384146341463,4.67199775192913,2.67949829917377,1.99249945275536,2.4055,0.328,22.5,0.094504081543535,0.159035216927528,22.6884551019669,99,"N-lim","Subtropical",0.861629160441526
"106","[-31,-30)","[66,67)",-30.5,66.5,30.5,122.976744186047,17.8139534883721,6.90339425587467,4.81199526583796,2.87998205404703,1.93201321179093,2.644,0.383,21.5,0.10088777160272,0.240116922885179,21.5816922979355,107,"N-lim","Subtropical",0.861629160441526
"107","[-31,-30)","[67,68)",-30.5,67.5,30.5,156.666666666667,20.3333333333333,7.70491803278689,5.05412040603599,3.0122615755052,2.04185883053079,2.82,0.366,18,0.0778636131733656,0.236461269140243,21.913753446579,108,"N-lim","Subtropical",0.861629160441526
"108","[-30,-29)","[-102,-101)",-29.5,-101.5,29.5,194.372351057161,22.18934208094,8.7597167301378,5.26977565483889,3.09961208715569,2.1701635676832,3.5150951,0.40127954,18.084337,0.0615866543240845,0.0989827026464045,23.7804919691086,171,"Fe-lim","Subtropical",0.8703556959399
"109","[-30,-29)","[59,60)",-29.5,59.5,29.5,153.409090909091,19.7272727272727,7.77649769585253,5.03310814994831,2.98200208074209,2.05110606920623,3.375,0.434,22,0.0776605467423797,0.138785949446261,23.8954243631363,106,"N-lim","Subtropical",0.8703556959399
"110","[-30,-29)","[60,61)",-29.5,60.5,29.5,102.325581395349,14.7441860465116,6.94006309148265,4.62815970421279,2.69084883874366,1.93731086546913,2.2,0.317,21.5,0.0801025751456618,0.15628405226022,23.7327824869156,107,"N-lim","Subtropical",0.8703556959399
"111","[-30,-29)","[64,65)",-29.5,64.5,29.5,147.823529411765,19.8823529411765,7.43491124260355,4.99601919348738,2.9898325514268,2.00618664206057,2.513,0.338,17,0.12491102399677,0.226992124475539,22.4257969655991,109,"N-lim","Subtropical",0.8703556959399
"112","[-30,-29)","[65,66)",-29.5,65.5,29.5,133.647058823529,20.0588235294118,6.66275659824047,4.89520243578483,2.9986691332273,1.89653330255753,2.272,0.341,17,0.130363834738731,0.239189045928419,22.2596996269226,110,"N-lim","Subtropical",0.8703556959399
"113","[-29,-28)","[59,60)",-28.5,59.5,28.5,144.458333333333,16.3333333333333,8.84438775510204,4.97299111533708,2.79320800944252,2.17978310589456,3.467,0.392,24,0.0650109940059483,0.132870072945952,24.9473146839142,110,"N-lim","Subtropical",0.878817112661965
"114","[-29,-28)","[63,64)",-28.5,63.5,28.5,152.368421052632,19.4736842105263,7.82432432432432,5.02630141084065,2.96906402647183,2.05723738436883,2.895,0.37,19,0.102784810516983,0.198599661573768,24.1736604146957,114,"N-lim","Subtropical",0.878817112661965
"115","[-29,-28)","[64,65)",-28.5,64.5,28.5,173.65,22.05,7.87528344671202,5.15704177919008,3.09331260189286,2.06372917729723,3.473,0.441,20,0.11233555323258,0.211756381690502,23.9499060306549,115,"N-lim","Subtropical",0.878817112661965
"116","[-28,-27)","[58,59)",-27.5,58.5,27.5,125.736842105263,13.7368421052632,9.15325670498084,4.83419116815937,2.62008142815625,2.21410974000312,2.389,0.261,19,0.0667467641811818,0.116006251856685,25.7147530288696,107,"N-lim","Subtropical",0.887010833178222
"117","[-28,-27)","[59,60)",-27.5,59.5,27.5,117.809523809524,16.2380952380952,7.25513196480938,4.76906911522901,2.78736003956009,1.98170907566892,2.474,0.341,21,0.0657691040169448,0.128845347680151,25.8951750669479,108,"N-lim","Subtropical",0.887010833178222
"118","[-28,-27)","[62,63)",-27.5,62.5,27.5,144.328358208955,20.8059701492537,6.93687230989957,4.97209096905637,3.0352399719295,1.93685099712687,3.22333333333333,0.464666666666667,22.3333333333333,0.0818589254841208,0.169867015965283,25.6840922317505,115,"N-lim","Subtropical",0.887010833178222
"119","[-28,-27)","[63,64)",-27.5,63.5,27.5,135.636363636364,17.5454545454545,7.73056994818653,4.90997750796534,2.86479491610651,2.04518259185882,2.984,0.386,22,0.0892419868446886,0.18180470649153,25.5186918478012,118,"N-lim","Subtropical",0.887010833178222
"120","[-27,-26)","[60,61)",-26.5,60.5,26.5,140.366666666667,17.2,8.1608527131783,4.94425804649977,2.84490938381941,2.09934866268037,4.211,0.516,30,0.0650187619775534,0.139213119186461,26.6500421724319,109,"N-lim","Subtropical",0.894934361602025
"121","[-27,-26)","[61,62)",-26.5,61.5,26.5,144.739130434783,24.0869565217391,6.00902527075812,4.97493302164588,3.18167047081813,1.79326255082774,3.329,0.554,23,0.0696412266790867,0.149360675185919,26.6276549444199,113,"N-lim","Subtropical",0.894934361602025
"122","[-26,-25)","[59,60)",-25.5,59.5,25.5,129.897058823529,18.2941176470588,7.10048231511254,4.86674228156903,2.90657956812302,1.96016271344601,4.4165,0.622,34,0.0532449507173151,0.133091876141727,26.7552276220322,107,"N-lim","Subtropical",0.902585284349861
"123","[-26,-25)","[60,61)",-25.5,60.5,25.5,180.166666666667,20.4,8.83169934640523,5.19388234841115,3.01553490085017,2.17834744756098,5.405,0.612,30,0.0588321145456284,0.13928188341856,26.897962647438,111,"N-lim","Subtropical",0.902585284349861
"124","[-26,-25)","[61,62)",-25.5,61.5,25.5,132.584269662921,17.4157303370786,7.61290322580645,4.88721844072162,2.85737384018115,2.02984460054046,4.72,0.62,35.6,0.0636199164390564,0.145729381270707,26.9494487123489,114,"N-lim","Subtropical",0.902585284349861
"125","[-25,-24)","[59,60)",-24.5,59.5,24.5,91.9821428571429,11.7142857142857,7.85213414634146,4.52159445883044,2.46080909820894,2.0607853606215,5.151,0.656,56,0.0491354863718152,0.136813591994345,26.4773608913422,110,"N-lim","Subtropical",0.909961270876543
"126","[-23,-22)","[166,167)",-22.5,166.5,22.5,302.729526409481,40.963492889487,7.3902273721188,5.71283975474429,3.71268125271773,2.00015850202656,4.4509738,0.60227833,14.702807,NA,0.0826221814900637,25.0665056667328,104,"N-lim","Subtropical",0.923879532511287
"127","[-22,-21)","[166,167)",-21.5,166.5,21.5,189.131097451703,21.917640174412,8.62917248146569,5.24244041191507,3.08729180000764,2.15514861190743,6.9320653,0.803329092666667,36.6521708666667,NA,0.0860517905689776,25.4196109399796,101,"N-lim","Subtropical",0.930417567982025
"128","[-22,-21)","[167,168)",-21.5,167.5,21.5,216.88783370131,22.5805163278678,9.60508743697936,5.37938032451832,3.11708742506184,2.26229289945648,4.64459865,0.483556103,21.4147496,NA,0.0815126897133887,25.7787673435211,96,"N-lim","Subtropical",0.930417567982025
"129","[-21,-20)","[166,167)",-20.5,166.5,20.5,280.891162484546,34.1675072538411,8.22100249800835,5.63796727218611,3.53127511215916,2.10669216002694,10.714583,1.3033183,38.144963,0.014576707787026,0.0885578888356685,25.7789028263092,94,"N-lim","Subtropical",0.936672189248398
"130","[-21,-20)","[167,168)",-20.5,167.5,20.5,232.884101724389,28.0574682277848,8.30025360213249,5.45054091232069,3.33425484351112,2.11628606880957,4.55572956666667,0.54886631,19.562218,0.00497791492007673,0.088691183462739,26.1619732446671,91,"N-lim","Subtropical",0.936672189248398
"131","[-19,-18)","[-143,-142)",-18.5,-142.5,18.5,133.245613667267,24.4736840430748,5.44444446666667,4.89219414443485,3.19759841957881,1.69459572485604,8.1666667,1.5,61.290323,0.0414909925656393,0.213019184678793,28.5197639217377,172,"N-lim","Subtropical",0.948323655206199
"132","[-18,-17)","[-144,-143)",-17.5,-143.5,17.5,102.573528808391,14.3277312686604,7.15909077892562,4.63057989563111,2.66219690890555,1.96838298672555,11.25,1.5714286,109.67742,0.0446151808016002,0.221777548491955,29.1409928894043,162,"N-lim","Subtropical",0.953716950748227
"133","[-18,-17)","[-143,-142)",-17.5,-142.5,17.5,171.847824667344,21.1801240293816,8.1136363710124,5.14660934489361,3.05306319612314,2.09354614877047,6.375,0.785714285,37.0967745,0.0510737463594414,0.222350083366036,29.0903184185028,162,"N-lim","Subtropical",0.953716950748227
"134","[-17,-16)","[-145,-144)",-16.5,-144.5,16.5,147.304967176837,22.1428567989362,6.65248249195715,4.99250504439926,3.09751495233202,1.89499009206724,11.16666685,1.6785714,75.8064515,0.0553287097364664,0.219186552122235,29.5020330247879,151,"N-lim","Subtropical",0.958819734868193
"135","[-17,-16)","[-143,-142)",-16.5,-142.5,16.5,153.012820836884,25.5494511521555,5.9888887602963,5.03052171420122,3.24061583509435,1.78990587910687,6.4166667,1.0714286,41.935484,0.0551925774971023,0.226287266924977,29.4685290431976,151,"N-lim","Subtropical",0.958819734868193
"136","[-17,-16)","[-142,-141)",-16.5,-141.5,16.5,80.4107988979369,11.5392351278375,6.96846870759679,4.38714848181647,2.44575297879992,1.94139550301655,18.416667,2.6428571,229.03226,0.0415020186072215,0.227832744695246,29.4121441030502,155,"N-lim","Subtropical",0.958819734868193
"137","[-16,-15)","[-146,-145)",-15.5,-145.5,15.5,177.034317337464,23.4453778493821,7.55092617720937,5.17634359704341,3.15467336882806,2.02167022821534,9.7083335,1.285714265,54.8387095,0.0497915651062503,0.208151915647089,29.6578239011764,144,"N-lim","Subtropical",0.963630453208623
"138","[-16,-15)","[-145,-144)",-15.5,-144.5,15.5,173.706896731421,22.1428574711823,7.84482747800238,5.15736937730295,3.09751498269152,2.05985439461143,16.25,2.0714286,93.548387,0.0344197651408613,0.214736336402595,29.6637467136383,141,"N-lim","Subtropical",0.963630453208623
"139","[-15,-14)","[-146,-145)",-14.5,-145.5,14.5,192.575756461295,20.129869990791,9.5666666774,5.26048961636993,3.00220478115052,2.25828483521942,6.8333333,0.71428571,35.483871,0.00567444834723938,0.206561621285975,29.7359127931595,140,"N-lim","Tropical",0.968147640378108
"140","[-11,-10)","[-165,-164)",-10.5,-164.5,10.5,135.714285714286,14.2857142857143,9.5,4.91055183553927,2.65926003693278,2.2512917986065,2.85,0.3,21,0.0808623262774199,0.179661565616727,30.3216635084152,109,"N-lim","Tropical",0.983254907563955
"141","[-9,-8)","[-142,-141)",-8.5,-141.5,8.5,139.157687624856,16.0303192133134,8.68090558728759,4.93560773348038,2.77448187991748,2.1611258535629,8.55613415,0.98562691,61.4851705,1.06513178887963,0.356634430930018,29.5805915470123,12,"Fe-lim","Tropical",0.989015863361917
"142","[-8,-7)","[-165,-164)",-7.5,-164.5,7.5,209.090909090909,30,6.96969696969697,5.34276912911887,3.40119738166216,1.94157174745672,4.6,0.66,22,1.44145780646801,0.302370144486427,29.7879590272903,0,"Fe-lim","Tropical",0.99144486137381
"143","[-5,-4)","[-165,-164)",-4.5,-164.5,4.5,95.6521739130435,10.8695652173913,8.8,4.56071842341726,2.3859667019331,2.17475172148416,2.2,0.25,23,3.05136574375629,0.449089465066791,29.1612052278519,0,"Fe-lim","Tropical",0.996917333733128
"144","[-3,-2)","[-165,-164)",-2.5,-164.5,2.5,93.0434782608696,16.0869565217391,5.78378378378378,4.53306689208675,2.77800878970912,1.75505810237763,2.14,0.37,23,4.49461185789108,0.505334037229419,28.4580782175064,0,"Fe-lim","Tropical",0.999048221581858
"145","[-1,0)","[-167,-166)",-0.5,-166.5,0.5,145.555555555556,18.3333333333333,7.93939393939394,4.98055783885898,2.90872089656436,2.07183694229462,2.62,0.33,18,4.71696826148033,0.495855514004826,28.2305303153992,0,"Fe-lim","Tropical",0.999961923064171
"146","[-1,0)","[-150,-149)",-0.5,-149.5,0.5,110.619469026549,15.5752212389381,7.10227272727273,4.70609610457805,2.74568126931986,1.9604148352582,4.16666666666667,0.586666666666667,37.6666666666667,5.00075861883163,0.555248809158802,28.1756988677978,0,"Fe-lim","Tropical",0.999961923064171
"147","[0,1)","[-177,-176)",0.5,-176.5,0.5,109,14.5,7.51724137931035,4.69134788222914,2.67414864942653,2.01719923280262,2.18,0.29,20,3.17934910356998,0.360793036028743,28.8230239048004,0,"Fe-lim","Tropical",0.999961923064171
"148","[0,1)","[-176,-175)",0.5,-175.5,0.5,115.333333333333,14,8.23809523809524,4.74782648638961,2.63905732961526,2.10876915677436,1.73,0.21,15,3.08746254348755,0.346146432697773,29.101272983551,0,"Fe-lim","Tropical",0.999961923064171
"149","[0,1)","[-173,-172)",0.5,-172.5,0.5,167.894736842105,17.8947368421053,9.38235294117647,5.12333721661245,2.88450663844377,2.23883057816868,3.19,0.34,19,2.92274584281445,0.394813220068812,29.3846026668549,0,"Fe-lim","Tropical",0.999961923064171
"150","[0,1)","[-169,-168)",0.5,-168.5,0.5,107.741935483871,12.5806451612903,8.56410256410256,4.6797388814856,2.53215953463855,2.14757934684705,3.34,0.39,31,3.01586803197861,0.419725361987948,29.052295955658,0,"Fe-lim","Tropical",0.999961923064171
"151","[0,1)","[-167,-166)",0.5,-166.5,0.5,136.451612903226,16.1290322580645,8.46,4.91597006755518,2.78062089393705,2.13534917361813,2.115,0.25,15.5,3.71191696226597,0.442291734233499,28.7007161664963,0,"Fe-lim","Tropical",0.999961923064171
"152","[0,1)","[-165,-164)",0.5,-164.5,0.5,125.522388059702,13.2835820895522,9.44943820224719,4.83248413357603,2.58652884333522,2.24595529024081,4.205,0.445,33.5,3.47769221758842,0.439368849813938,28.747627081871,0,"Fe-lim","Tropical",0.999961923064171
"153","[0,1)","[-157,-156)",0.5,-156.5,0.5,101.190476190476,13.5714285714286,7.45614035087719,4.61700464363509,2.60796674254523,2.00903790108987,4.25,0.57,42,4.65324347615242,0.509301366522908,28.4520081977844,0,"Fe-lim","Tropical",0.999961923064171
"154","[0,1)","[-153,-152)",0.5,-152.5,0.5,93.469387755102,12.0408163265306,7.76271186440678,4.5376339789976,2.48830223878914,2.04933174020847,4.58,0.59,49,4.72875005316734,0.508482241168618,27.5446597738266,0,"Fe-lim","Tropical",0.999961923064171
"155","[0,1)","[-151,-150)",0.5,-150.5,0.5,106.172839506173,15.1851851851852,6.99186991869919,4.66506832756916,2.72032029369402,1.94474803387514,4.3,0.615,40.5,4.4530217359066,0.503676225379109,27.7968303699493,0,"Fe-lim","Tropical",0.999961923064171
"156","[0,1)","[-150,-149)",0.5,-149.5,0.5,71.2820512820513,8.46153846153846,8.42424242424242,4.26664456055504,2.13553100833088,2.13111355222416,2.78,0.33,39,4.17998467350006,0.497695462271571,28.2158818902969,0,"Fe-lim","Tropical",0.999961923064171
"157","[19,20)","[-66,-65)",19.5,-65.5,19.5,225.021224578481,46.7023774653296,4.81819634868759,5.4161947292154,3.84379507270085,1.57239965651455,1.7999405,0.37357143,7.998981,0.0478361054733396,0.00554365949798375,29.172310256958,164,"P-lim","Subtropical",0.942641491092178
"158","[19,20)","[-63,-62)",19.5,-62.5,19.5,193.979461882392,42.5723442497203,4.55646653481307,5.26775228687346,3.75120484644039,1.51654744043307,1.4553571,0.31940476,7.502635,0.13252340972051,0.0175720155853778,28.3469536714554,165,"PN-colim","Subtropical",0.942641491092178
"159","[19,20)","[-60,-59)",19.5,-59.5,19.5,95.9018076789513,20.6090629805911,4.65338030017515,4.56332483133584,3.02573092955981,1.53759390177603,1.5774405,0.33898809,16.448496,0.162679301407188,0.023075746233575,26.8275435142517,154,"PN-colim","Subtropical",0.942641491092178
"160","[19,20)","[-57,-56)",19.5,-56.5,19.5,108.437828168847,22.1170335408981,4.90291014698367,4.68617699647756,3.09634806010658,1.58982893637098,2.3566071,0.48065476,21.732334,0.0957647676132619,0.0184704484185204,26.8675174503326,145,"PN-colim","Subtropical",0.942641491092178
"161","[19,20)","[-54,-53)",19.5,-53.5,19.5,209.897133656073,41.5364061925014,5.05332918508404,5.34661757097381,3.72657030032169,1.62004727065212,1.9741071,0.39065476,9.405117,0.0582084085084498,0.0139944184417836,27.5342321586609,144,"PN-colim","Subtropical",0.942641491092178
"162","[19,20)","[-51,-50)",19.5,-50.5,19.5,210.35534623557,34.3829978630797,6.11800480787768,5.34879822561833,3.53756219403218,1.81123603158615,1.7374405,0.28398809,8.25955,0.0602093125563115,0.0174928927326109,27.5139839954376,155,"PN-colim","Subtropical",0.942641491092178
"163","[19,20)","[-48,-47)",19.5,-47.5,19.5,81.898135931137,12.9092500668742,6.34414357974923,4.40547623029643,2.55794411385094,1.84753211644548,1.7699405,0.27898809,21.611487,0.0729588197246194,0.01859951114656,26.6427762565613,158,"PN-colim","Subtropical",0.942641491092178
"164","[19,20)","[-45,-44)",19.5,-44.5,19.5,62.3901642259713,11.5230510840172,5.41437886294786,4.13340763836753,2.44434947124406,1.68905816712347,1.8782738,0.34690476,30.105287,0.0763274045549333,0.0179771042206557,25.7474382514954,159,"PN-colim","Subtropical",0.942641491092178
"165","[20,21)","[-66,-65)",20.5,-65.5,20.5,125.001177164802,23.6488713555031,5.28571428571429,4.82832315457637,3.16331539098746,1.66500776358891,1.48,0.28,11.8398885,0.0455550748333335,0.00601296564983204,28.6276928977966,174,"P-lim","Subtropical",0.936672189248398
"166","[21,22)","[-66,-65)",21.5,-65.5,21.5,160.167130425649,30.9382817211661,5.17698855641593,5.07621783521556,3.43199430776455,1.64422352745102,1.62705355,0.314285715,10.1584735,0.0450876352973282,0.00667573735816404,28.0616868448257,169,"P-lim","Subtropical",0.930417567982025
"167","[21,22)","[-48,-47)",21.5,-47.5,21.5,57.3388137199182,13.9599680641707,4.10737427595429,4.0489777717152,2.63619380966476,1.41278396205044,1.3957738,0.33982143,24.342565,0.018726368161384,0.0109277556827583,25.7547947063446,159,"PN-colim","Subtropical",0.930417567982025
"168","[22,23)","[-158,-157)",22.5,-157.5,22.5,159.013009957347,22.9876945009227,6.91731003955027,5.06898602250398,3.13495905105496,1.93402697144902,2.13731681538462,0.308980919340659,13.4411443186813,0.0358045377507806,0.0922189010307193,26.696289352417,142,"N-lim","Subtropical",0.923879532511287
"169","[22,23)","[-66,-65)",22.5,-65.5,22.5,196.891742820434,33.1719784099644,5.93548387096774,5.2826540488614,3.50170549573756,1.78094855312384,1.84,0.31,9.345237,0.0625103432424366,0.00683230886608362,27.1206253528595,159,"P-lim","Subtropical",0.923879532511287
"170","[22,23)","[-50,-49)",22.5,-49.5,22.5,77.6395724718244,13.2343210786122,5.86653232989009,4.35207725174037,2.58281353694073,1.76926371479964,1.7320238,0.29523809,22.308518,0.0279767104005441,0.0115762002835982,26.0359690408707,160,"P-lim","Subtropical",0.923879532511287
"171","[23,24)","[-66,-65)",23.5,-65.5,23.5,70.4652113251688,16.5800497235691,4.25,4.25511913164797,2.80820014871165,1.44691898293633,0.68,0.16,9.650152,0.0945802473574877,0.00867642767867073,26.8800795707703,155,"P-lim","Subtropical",0.917060074385124
"172","[24,25)","[-53,-52)",24.5,-52.5,24.5,78.5022161046053,13.8184348603507,5.68097739707497,4.3631268550218,2.62600356014246,1.73712329487934,1.4807738,0.26065476,18.862828,0.109533691927791,0.0121995790507644,26.101394200325,165,"P-lim","Subtropical",0.909961270876543
"173","[25,26)","[-55,-54)",25.5,-54.5,25.5,94.0239629272821,15.883692009568,5.91952820985473,4.54354967454053,2.76529292310167,1.77825675143886,1.7032738,0.2877381,18.115316,0.0833980219662189,0.00720563442003913,25.864219203949,159,"P-lim","Subtropical",0.902585284349861
"174","[27,28)","[-64,-63)",27.5,-63.5,27.5,257.033817456968,32.446666326904,7.92173269411785,5.54920766167429,3.47959770526578,2.06960995640851,1.7954501,0.22664866,6.985268,0.0594586410205811,0.001805662479077,24.0736747684479,144,"P-lim","Subtropical",0.887010833178222
"175","[27,28)","[-62,-61)",27.5,-61.5,27.5,163.527539276993,17.2479621876043,9.48097737566449,5.09698141209848,2.84769400244706,2.24928740965141,1.2494598,0.13178597,7.640669,0.0567651751060039,0.00267666565638501,23.201962225914,137,"P-lim","Subtropical",0.887010833178222
"176","[27,28)","[-58,-57)",27.5,-57.5,27.5,81.7972758737753,16.7697253320882,4.87767534971247,4.40424394077758,2.81957519717315,1.58466874360443,1.4786905,0.30315476,18.077503,0.0710666520129889,0.00786202213680372,23.9997734670639,143,"P-lim","Subtropical",0.887010833178222
"177","[28,29)","[-66,-65)",28.5,-65.5,28.5,225.705777122122,38.6781939922678,5.83547869808096,5.41923227996078,3.65527597849886,1.76395630146192,2.1297236,0.36496125,9.43584,0.106692853368819,0.00546506746509112,25.1710990304947,144,"P-lim","Subtropical",0.878817112661965
"178","[28,29)","[-65,-64)",28.5,-64.5,28.5,298.061890964044,41.9949743282673,7.09756097560976,5.69730115274008,3.7375499522729,1.95975120046718,2.91,0.41,9.763073,0.0704196865875274,0.00212930310197407,24.1504329328537,138,"P-lim","Subtropical",0.878817112661965
"179","[28,29)","[-61,-60)",28.5,-60.5,28.5,220.03844557082,37.9585147322188,5.79681389335431,5.39380228367954,3.63649384579549,1.75730843788405,1.7114038,0.2952318,7.777749,0.0585009414646775,0.00385956514638383,22.6736933403015,125,"P-lim","Subtropical",0.878817112661965
"180","[29,30)","[-66,-65)",29.5,-65.5,29.5,184.820307001225,31.4922424506643,5.86875664033021,5.21938403954079,3.44974124409432,1.76964279544646,1.5185426,0.25875031,8.216319,0.0766928579770029,0.00596549066598527,24.9440240154266,147,"P-lim","Subtropical",0.8703556959399
"181","[29,30)","[-65,-64)",29.5,-64.5,29.5,190.471150018277,36.3494561103581,5.24,5.24950073962442,3.59317924129147,1.65632149833295,1.31,0.25,6.877682,0.0475393094196916,0.00269933045643847,23.8753142881393,138,"P-lim","Subtropical",0.8703556959399
"182","[29,30)","[-61,-60)",29.5,-60.5,29.5,80.4642517248917,13.1447007852391,6.12142132708335,4.38781300784105,2.57601869529357,1.81179431254748,1.7945238,0.29315476,22.302125,0.0689406563974917,0.00540385389921721,22.5107811498642,119,"P-lim","Subtropical",0.8703556959399
"183","[30,31)","[-66,-65)",30.5,-65.5,30.5,198.739827440734,31.6145324319554,6.28634403714448,5.29199656953643,3.45361690196441,1.83837966757202,1.4165686,0.22534061,7.127754,0.031540633764118,0.0056315399245359,24.7563490886688,147,"PN-colim","Subtropical",0.861629160441526
"184","[30,31)","[-65,-64)",30.5,-64.5,30.5,170.770784701614,26.1665701025713,6.52629611111444,5.14032221696744,3.26448264576585,1.87583957120159,2.07559525,0.318035715,12.154276,0.0189838992876466,0.00368784992629662,23.9195689592361,134,"PN-colim","Subtropical",0.861629160441526
"185","[30,31)","[-11,-10)",30.5,-10.5,30.5,49.6653063873632,9.19148177100985,5.4034058517103,3.90530662872839,2.2182771606945,1.68702946803389,11.860786,2.1950574,238.8143125,0.694135337680578,0.0816521671675146,18.1586486587524,59,"PN-colim","Subtropical",0.861629160441526
"186","[30,31)","[-10,-9)",30.5,-9.5,30.5,89.5752895752896,14.1698841698842,6.32152588555858,4.49507949595486,2.65111887934908,1.84396061660579,23.2,3.67,259,NA,NA,NA,NA,NA,"Subtropical",0.861629160441526
"187","[31,32)","[-66,-65)",31.5,-65.5,31.5,206.258677079838,32.6185083287074,6.32336325748871,5.32913109501997,3.4848798674136,1.84425122760637,2.239777,0.3542066,10.859068,0.0229843428041786,0.00640393897681497,24.3069911108017,139,"PN-colim","Subtropical",0.852640164354092
"188","[31,32)","[-65,-64)",31.5,-64.5,31.5,196.092618119446,32.0570389426431,6.11699098192747,5.27858708904372,3.46751678304832,1.8110703059954,2.17371618979592,0.355357102244898,11.0851505306122,0.0210903930373606,0.00587083711777814,23.864896443367,127,"PN-colim","Subtropical",0.852640164354092
"189","[31,32)","[-64,-63)",31.5,-63.5,31.5,376.104442410589,47.6789737925936,7.88826630469576,5.92986687718688,3.86449049971913,2.06537637746775,2.84916666666667,0.361190476666667,7.57546666666667,0.0462485787542537,0.00697988172085024,23.5070199613571,115,"PN-colim","Subtropical",0.852640164354092
"190","[31,32)","[-10,-9)",31.5,-9.5,31.5,97.0695970695971,15.3479853479853,6.32458233890215,4.57542821678935,2.73098421773122,1.84444399905813,17.6666666666667,2.79333333333333,182,NA,NA,NA,NA,NA,"Subtropical",0.852640164354092
"191","[33,34)","[-63,-62)",33.5,-62.5,33.5,276.156152095382,31.469446873757,8.77537356163937,5.62096647419204,3.44901713461924,2.1719493395728,2.4465745,0.27880004,8.859388,0.187136654414237,0.0130139744151384,21.7463885622025,86,"PN-colim","Subtropical",0.833885822067168
"192","[33,34)","[-59,-58)",33.5,-58.5,33.5,157.013256017213,19.9424122173929,7.87333319087009,5.05633023501468,2.99284873100797,2.06348150400671,3.6254309,0.46046964,23.089967,0.521831865489483,0.0223051439858973,20.6033521957397,78,"Fe-lim","Subtropical",0.833885822067168
"193","[33,34)","[21,22)",33.5,21.5,33.5,313.745850984306,34.8657511640623,8.99868324958672,5.74858326640415,3.55150500537312,2.19707826103104,3.1134375,0.34598812,9.923438,0.179020210534334,0.0060193750851322,22.2990332765579,129,"P-lim","Subtropical",0.833885822067168
"194","[33,34)","[22,23)",33.5,22.5,33.5,167.987140338346,17.128786756075,9.80729941534047,5.12388743086841,2.84076048414622,2.28312694672219,2.65790342,0.271012774,15.8220648,0.156941157013178,0.00544882450415753,22.2724369630814,129,"P-lim","Subtropical",0.833885822067168
"195","[34,35)","[-62,-61)",34.5,-61.5,34.5,139.103963523285,14.6594451762055,9.48903330591741,4.93522159258013,2.68508484964447,2.25013674293566,2.9676964,0.31275013,21.334377,0.229265318445861,0.0117509901402518,21.2116660060883,79,"Fe-lim","Subtropical",0.824126188622016
"196","[34,35)","[-58,-57)",34.5,-57.5,34.5,183.440965101953,40.551862811196,4.52361377222126,5.21189289966726,3.7025817181301,1.50931118153716,3.4410878,0.76069443,18.758557,0.487154490187764,0.0171456476408057,20.836701757431,75,"Fe-lim","Subtropical",0.824126188622016
"197","[35,36)","[-143,-142)",35.5,-142.5,35.5,247.849882720876,29.7107114933542,8.34210526315789,5.51282325128058,3.39150763712968,2.12131561415089,3.17,0.38,12.79,0.598044831767678,0.110828355558217,21.2239486932754,28,"Fe-lim","Subtropical",0.814115518356319
"198","[35,36)","[-61,-60)",35.5,-60.5,35.5,175.358800104551,19.1185952933114,9.17215922060445,5.16683416126676,2.95066143700131,2.21617272426544,3.4524609,0.37640656,19.687982,0.167766310147941,0.00739798681321554,21.650976111412,78,"Fe-lim","Subtropical",0.814115518356319
"199","[35,36)","[-57,-56)",35.5,-56.5,35.5,199.985280873403,38.8874762603136,5.14266545698921,5.29824376820676,3.66067225175269,1.63757151645407,4.3178732,0.83961775,21.590955,0.294586855754256,0.00990331206750125,21.5433200550079,71,"Fe-lim","Subtropical",0.814115518356319
"200","[35,36)","[18,19)",35.5,18.5,35.5,254.603657186261,30.6592269397143,8.30430779245972,5.5397080504595,3.42293365915692,2.11677439130258,2.0004688,0.24089531,7.857188,0.0526656427215785,0.00687518728058785,18.6255666389465,115,"P-lim","Subtropical",0.814115518356319
"201","[36,37)","[-57,-56)",36.5,-56.5,36.5,217.352318333935,36.3678037167851,5.97650383362631,5.38151962374063,3.59368386995487,1.78783575378576,3.7654709,0.63004576,17.324273,0.128673167396337,0.00662682766583748,22.4559275560379,74,"Fe-lim","Subtropical",0.803856860617217
"202","[36,37)","[-6,-5)",36.5,-5.5,36.5,111.616954474097,18.1770016396302,6.14055919050729,4.71507296021917,2.90015714883452,1.81491581138465,3.999375,0.65130469,35.83125,NA,NA,NA,NA,NA,"Subtropical",0.803856860617217
"203","[36,37)","[-1,0)",36.5,-0.5,36.5,78.6529212703496,17.5590473445423,4.47933875494655,4.3650447714763,2.86556933528555,1.49947543619075,1.8419531,0.41121094,23.41875,0.461234277755022,0.0425968363471329,17.1212152633667,35,NA,"Subtropical",0.803856860617217
"204","[36,37)","[13,14)",36.5,13.5,36.5,85.746095,19.244672,4.45557580820291,4.4513905456505,2.95723424320258,1.49415630244792,1.7149219,0.38489344,20,0.0259962573889643,0.00768128798808902,19.6525365943909,98,"P-lim","Subtropical",0.803856860617217
"205","[37,38)","[-56,-55)",37.5,-55.5,37.5,206.262586391127,43.7975164978354,4.70945850094767,5.32915004827952,3.77957711481218,1.54957293346734,3.3672722,0.71500199,16.325172,0.0743133142925799,0.0135390169718303,22.7594917240143,77,"Fe-lim","Subtropical",0.793353340291235
"206","[37,38)","[8,9)",37.5,8.5,37.5,140.394665149665,15.0388070132641,9.33549217207446,4.94445749336028,2.71063399444903,2.23382349891125,2.7946875,0.29936156,19.905938,NA,0.00657135062804446,18.268047753334,61,"P-lim","Subtropical",0.793353340291235
"207","[37,38)","[15,16)",37.5,15.5,37.5,285.375775475719,41.1478699287525,6.93537176942201,5.65380682223819,3.71717216220499,1.9366346600332,3.613125,0.52097063,12.660938,0.0417616534531116,0.00495563432038762,17.6728236646652,89,NA,"Subtropical",0.793353340291235
"208","[38,39)","[3,4)",38.5,3.5,38.5,149.169335468375,31.8989360377191,4.67631068609902,5.00508214029485,3.46257265618501,1.54250948410984,1.6768125,0.35857594,11.241,0.0623547064736485,0.00396413801331073,16.8152641882896,39,"P-lim","Subtropical",0.782608156852414
"209","[43,44)","[4,5)",43.5,4.5,43.5,288.723404255319,32.5531914893617,8.86928104575163,5.66546915111886,3.48287541267642,2.18259373844243,6.785,0.765,23.5,NA,NA,NA,NA,NA,"Subtropical",0.725374371012288
"210","[43,44)","[5,6)",43.5,5.5,43.5,167.885316184352,19.3569131832797,8.67314507198228,5.12328110453747,2.96304962612363,2.16023147841384,6.81030434782609,0.785217391304348,40.5652173913044,NA,NA,NA,NA,NA,"Subtropical",0.725374371012288
"211","[43,44)","[7,8)",43.5,7.5,43.5,245.404975430325,26.3686376846041,9.30669905535579,5.50290980684848,3.27217533746847,2.23073446938001,3.730125,0.400800002,15.1998752,1.11259066048264,0.0481622572336346,14.0486929540634,12,NA,"Subtropical",0.725374371012288
"212","[48,49)","[-16,-15)",48.5,-15.5,48.5,156.857142857143,20.7619047619048,7.55504587155963,5.05533547301416,3.03311980562561,2.02221566738855,16.47,2.18,105,1.21396799749136,0.161224594153464,14.8737515425682,16,"Fe-lim","Subpolar",0.662620048215738
"213","[48,49)","[-14,-13)",48.5,-13.5,48.5,218.273381294964,26.9064748201439,8.11229946524064,5.38574831977183,3.29236695727789,2.09338136249395,15.17,1.87,69.5,1.44997974711657,0.17655443803966,15.2385174546242,0,"Fe-lim","Subpolar",0.662620048215738
"214","[48,49)","[163,164)",48.5,163.5,48.5,75.9316239316239,12.4871794871795,6.0807665982204,4.32983325021656,2.52470247695294,1.80513077326362,88.84,14.61,1170,19.8742365903854,1.62409682822227,5.42629849457741,0,"Fe-lim","Subpolar",0.662620048215738
"215","[48,49)","[164,165)",48.5,164.5,48.5,82.7669491525424,13.5466101694915,6.10979042852674,4.41602881687936,2.60613634403423,1.80989247284513,48.8325,7.9925,590,19.9835979061127,1.62512597632408,5.9276948902607,0,"Fe-lim","Subpolar",0.662620048215738
"216","[48,49)","[165,166)",48.5,165.5,48.5,98.6666666666667,13.9333333333333,7.08133971291866,4.59174716565595,2.6342840508626,1.95746311479335,14.8,2.09,150,19.3397706699371,1.59401675885916,6.71530584073067,0,"Fe-lim","Subpolar",0.662620048215738
"217","[49,50)","[-14,-13)",49.5,-13.5,49.5,196.917293233083,25.6390977443609,7.68035190615836,5.28278380928,3.24411844205581,2.0386653672242,13.095,1.705,66.5,1.73636540591717,0.159344572007656,15.0043807249069,0,"Fe-lim","Subpolar",0.649448048330184
"218","[49,50)","[-13,-12)",49.5,-12.5,49.5,139.351851851852,19.0123456790123,7.32954545454545,4.9370020430528,2.94508854073524,1.99191350231757,15.05,2.05333333333333,108,1.97758652573824,0.155269488506019,14.8770376515388,0,"Fe-lim","Subpolar",0.649448048330184
"219","[49,50)","[-12,-11)",49.5,-11.5,49.5,229.574468085106,25.6382978723404,8.95435684647303,5.43622745654212,3.2440872442147,2.19214021232743,14.3866666666667,1.60666666666667,62.6666666666667,2.07160787606239,0.134081459239125,14.5557138395309,0,"Fe-lim","Subpolar",0.649448048330184
"220","[49,50)","[-11,-10)",49.5,-10.5,49.5,292.402597402597,34.4805194805195,8.48022598870057,5.67813161088199,3.54039451182236,2.13773709905963,11.2575,1.3275,38.5,2.00498551774025,0.0972955516278744,14.0622640304565,126,"Fe-lim","Subpolar",0.649448048330184
"221","[54,55)","[-167,-166)",54.5,-166.5,54.5,112.169279132791,15.4143672086721,7.27693051646552,4.72000915107672,2.73530001013367,1.98470914094304,41.390464,5.6879015,369,9.56925256299973,1.09384381997585,7.60076728081703,404,"PN-colim","Subpolar",0.58070295571094
"222","[55,56)","[-169,-168)",55.5,-168.5,55.5,95.3336849673203,12.2261756862745,7.79750654772161,4.55738321061333,2.50357920139324,2.0538040092201,36.4651345,4.6765122,382.5,7.8274316136837,0.992872646361589,8.19822227597237,0,"PN-colim","Subpolar",0.566406236924833
"223","[55,56)","[-167,-166)",55.5,-166.5,55.5,111.653873873874,14.6955666666667,7.59779302196857,4.71540367427068,2.68754586099651,2.02785781327417,37.18074,4.8936237,333,6.5865727660656,0.856028109699488,8.920297498703,152,"PN-colim","Subpolar",0.566406236924833
"224","[55,56)","[-166,-165)",55.5,-165.5,55.5,52.4660498866213,10.6488149659864,4.92693788503268,3.96016629159085,2.36544861516498,1.59471767642587,11.568764,2.3480637,220.5,5.39688065433502,0.747654295772314,9.04503480815887,152,"PN-colim","Subpolar",0.566406236924833
"225","[55,56)","[-164,-163)",55.5,-163.5,55.5,56.591795959596,9.26981656565657,6.10495316263981,4.03586402699288,2.22676359142692,1.80910043556597,14.0064695,2.2942796,247.5,3.13864108526707,0.564179223492742,8.75546526312828,51,"PN-colim","Subpolar",0.566406236924833
"226","[56,57)","[-165,-164)",56.5,-164.5,56.5,53.0259245098039,13.2540735294118,4.00072659866685,3.97078093565573,2.58430494136543,1.3864759942903,5.4086443,1.3519155,102,2.936808614254,0.486114482700825,9.19044171047211,76,"PN-colim","Subpolar",0.551936985312058
"227","[57,58)","[-164,-163)",57.5,-163.5,57.5,42.2691801801802,5.29723933933934,7.97947335818357,3.7440582195522,1.66718580548336,2.07687241406885,14.075637,1.7639807,333,1.81520902007818,0.446436609894037,8.71856720972061,51,"PN-colim","Subpolar",0.537299608346824
"228","[57,58)","[-161,-160)",57.5,-160.5,57.5,69.5477508417508,14.9334390572391,4.65718248657781,4.24201357912262,2.7036029304536,1.53841064866902,20.655682,4.4352314,297,1.72954870423675,0.526392176240683,7.93342849445343,0,"N-lim","Subpolar",0.537299608346824
"229","[58,59)","[-175,-174)",58.5,-174.5,58.5,92.9661240223464,13.8219311173184,6.72598663915079,4.53223516897103,2.62625654210292,1.90597862686811,8.3204681,1.237062835,89.5,5.09872325921059,0.818633720308542,7.14135963916778,152,"PN-colim","Subpolar",0.522498564715949
"230","[58,59)","[-173,-172)",58.5,-172.5,58.5,78.0070390243903,8.89291300813008,8.77182076931087,4.35679906652029,2.1852546683085,2.1715443982118,9.5948658,1.0938283,123,3.20879763913155,0.723098020076752,7.18227983784676,101,"PN-colim","Subpolar",0.522498564715949
"231","[58,59)","[-169,-168)",58.5,-168.5,58.5,93.4893089430894,11.6250739837398,8.04203991078718,4.53784708690234,2.45316431564584,2.0846827712565,11.499185,1.4298841,123,1.10019492170215,0.569588001310825,7.0116566901207,11,"PN-colim","Subpolar",0.522498564715949
"232","[59,60)","[-173,-172)",59.5,-172.5,59.5,85.7229863247863,11.2194914529915,7.64054116748135,4.45112100813184,2.41765257402201,2.03346843410983,10.0295894,1.3126805,117,1.68182906490564,0.659517816215753,6.52597092413902,76,"PN-colim","Subpolar",0.507538362960704
"233","[61,62)","[-174,-173)",61.5,-173.5,61.5,46.7405929460581,8.34256680497925,5.60266330958968,3.84461301508198,2.12137093940027,1.72324207568171,5.63224145,1.0052793,120.5,0.188213159027509,0.515956693872809,5.22883705329895,21,"PN-colim","Subpolar",0.477158760259608
